/not-against-human-sexual-selection /essays/not-against-human-sexual-selection 301
/not-against-human-sexual-selection/ /essays/not-against-human-sexual-selection 301
/on-sexual-purity-taboos-and-STIs /essays/on-sexual-purity-taboos-and-STIs 301
/on-sexual-purity-taboos-and-STIs/ /essays/on-sexual-purity-taboos-and-STIs 301
/ask-for-forgiveness-and-radiate-intent /essays/ask-for-forgiveness-and-radiate-intent 301
/ask-for-forgiveness-and-radiate-intent/ /essays/ask-for-forgiveness-and-radiate-intent 301
/culture-is-software /essays/culture-is-software 301
/culture-is-software/ /essays/culture-is-software 301
/the-art-of-procrastination /notes/the-art-of-procrastination 301
/the-art-of-procrastination/ /notes/the-art-of-procrastination 301
/direct-truth /notes/direct-truth 301
/direct-truth/ /notes/direct-truth 301
/how-will-you-measure-your-life /notes/how-will-you-measure-your-life 301
/how-will-you-measure-your-life/ /notes/how-will-you-measure-your-life 301
/the-innovators-dilemma /notes/the-innovators-dilemma 301 
/the-innovators-dilemma/ /notes/the-innovators-dilemma 301 
/the-80-approach /notes/the-80-approach 301 
/the-80-approach/ /notes/the-80-approach 301 
/the-automatic-customer /notes/the-automatic-customer 301 
/the-automatic-customer/ /notes/the-automatic-customer 301 
/built-to-sell /notes/built-to-sell 301 
/built-to-sell/ /notes/built-to-sell 301 
/managing-oneself /notes/managing-oneself 301 
/managing-oneself/ /notes/managing-oneself 301 
/are-your-lights-on /notes/are-your-lights-on 301 
/are-your-lights-on/ /notes/are-your-lights-on 301 
/a-technique-for-producing-ideas /notes/a-technique-for-producing-ideas 301 
/a-technique-for-producing-ideas/ /notes/a-technique-for-producing-ideas 301 
/the-antidote /notes/the-antidote 301 
/the-antidote/ /notes/the-antidote 301 
/imagined-happiness /fiction/imagined-happiness 301
/imagined-happiness/ /fiction/imagined-happiness 301
/the-aging-currency /fiction/the-aging-currency 301
/the-aging-currency/ /fiction/the-aging-currency 301
/the-justice-accountant /fiction/the-justice-accountant 301
/the-justice-accountant/ /fiction/the-justice-accountant 301
/the-abyss /fiction/the-abyss 301
/the-abyss/ /fiction/the-abyss 301
